pattern_type,ber,p_0to1,p_1to0
all0,0.009628180039138944,0.009628180039138944,
all1,0.011232876712328766,,0.011232876712328766
alt01,0.029823874755381605,0.0287890625,0.030862745098039216
