scheme,msg_len_chars,avg_ber,ci_ber,avg_edit_distance,ci_edit_distance,avg_norm_edit_distance,ci_norm_edit_distance,percent_perfect,ci_percent_perfect,avg_sent_bits,ci_sent_bits
raw_ascii,50,0.0197125,0.0009708327196783132,7.37,0.34992930341275313,0.14740000000000003,0.006998586068255063,0.0,0.0,400.0,0.0
raw_ascii,500,0.020171249999999995,0.00034534136179777494,75.43,1.2413643494317859,0.15086,0.0024827286988635716,0.0,0.0,4000.0,0.0
huffman_only,50,0.21300540162822407,0.013817132952509588,22.18,1.531172080630558,0.4436,0.03062344161261116,0.03,0.023701510670001622,208.975,2.5660976444015167
huffman_only,500,0.3120481476767939,0.0038712685633748053,250.85,4.423876548751441,0.5017,0.008847753097502882,0.0,0.0,2019.545,7.388378149649018
huff_hamm,50,0.22685977904902344,0.013002956370826036,23.105,1.3953271447961673,0.4621,0.02790654289592335,0.015,0.01688858554195822,327.28,3.731797623170569
huff_hamm,500,0.31161614577233965,0.004203871284900066,250.74,4.938658261747988,0.50148,0.009877316523495975,0.0,0.0,2960.32,10.739800650424302
huff_hamm_raid,50,0.010782161143363974,0.006217511791240476,1.16,0.6602886190920699,0.0232,0.013205772381841398,0.905,0.040739493512540026,413.6,4.9297137266920155
huff_hamm_raid,500,0.09117164675209066,0.016258446354987927,16.135,2.5876445769236573,0.03227,0.005175289153847315,0.3,0.06367063490137127,3706.08,13.436704882496171
