scheme,msg_len_chars,avg_ber,ci_ber,avg_edit_distance,ci_edit_distance,avg_norm_edit_distance,ci_norm_edit_distance,percent_perfect,ci_percent_perfect,avg_sent_bits,ci_sent_bits
raw_ascii,50,0.020337499999999998,0.0010178518806805955,7.505,0.3623123944274869,0.1501,0.007246247888549739,0.0,0.0,400.0,0.0
raw_ascii,500,0.020193749999999996,0.00031514279636061794,75.275,1.1179278727374213,0.15055,0.0022358557454748426,0.0,0.0,4000.0,0.0
huffman_only,50,0.21453314399744144,0.013251538495681794,22.165,1.4428294306778435,0.4433,0.028856588613556878,0.03,0.023701510670001622,208.975,2.5660976444015167
huffman_only,500,0.31311342673476505,0.0036208637791534898,249.775,4.719230134280538,0.49955,0.009438460268561077,0.0,0.0,2019.545,7.388378149649018
huff_hamm,50,0.21410021153748743,0.013260468998482716,22.735,1.418385166519664,0.4547,0.028367703330393273,0.01,0.013824426710332212,327.28,3.7317976231705687
huff_hamm,500,0.3092106243117935,0.003654524167918508,248.505,5.179880544188282,0.49701,0.010359761088376567,0.0,0.0,2960.32,10.739800650424302
huff_hamm_raid,50,0.013518251424501422,0.007920715977389726,1.025,0.6204970895910429,0.020499999999999997,0.01240994179182086,0.92,0.03769367140942373,413.6,4.9297137266920155
huff_hamm_raid,500,0.09038731997701166,0.015791712072019827,16.925,2.832753412224996,0.033850000000000005,0.0056655068244499925,0.3,0.06367063490137127,3706.08,13.436704882496175
